axis,significant_difference
ability,0.8038385225885226
age,0.7742720556279878
body_type,0.6643737180649932
characteristics,0.7738626316212524
cultural,0.7342530657748049
gender_and_sex,0.786547751765143
nationality,0.6724696356275304
nonce,0.6868131868131868
political_ideologies,0.8
race_ethnicity,0.7548840048840049
religion,0.796013702896294
sexual_orientation,0.6112179487179488
socioeconomic_class,0.7789855072463768
